{"cameraMode":{"drawMode":0,"name":"Shaded","section":"Shading Mode"},"sceneLighting":true,"audioPlay":false,"sceneViewState":{"m_AlwaysRefresh":false,"showFog":true,"showSkybox":true,"showFlares":true,"showImageEffects":true,"showParticleSystems":true,"showVisualEffectGraphs":true,"m_FxEnabled":true},"in2DMode":false,"pivot":{"x":1.7314839363098145,"y":8.96822738647461,"z":-11.776701927185059},"rotation":{"x":0.015683136880397798,"y":-0.9840478897094727,"z":0.1426670104265213,"w":0.1066892147064209},"size":3.5152158737182619,"orthographic":false}