{"cameraMode":{"drawMode":0,"name":"Shaded","section":"Shading Mode"},"sceneLighting":true,"audioPlay":false,"sceneViewState":{"m_AlwaysRefresh":false,"showFog":true,"showSkybox":true,"showFlares":true,"showImageEffects":true,"showParticleSystems":true,"showVisualEffectGraphs":true,"m_FxEnabled":true},"in2DMode":false,"pivot":{"x":2.120680809020996,"y":5.644799709320068,"z":-4.515711307525635},"rotation":{"x":0.043495919555425647,"y":0.0009738701046444476,"z":0.00013358744035940617,"w":0.9992780089378357},"size":3.6075167655944826,"orthographic":false}