{"cameraMode":{"drawMode":0,"name":"Shaded","section":"Shading Mode"},"sceneLighting":true,"audioPlay":false,"sceneViewState":{"m_AlwaysRefresh":false,"showFog":true,"showSkybox":true,"showFlares":true,"showImageEffects":true,"showParticleSystems":true,"showVisualEffectGraphs":true,"m_FxEnabled":true},"in2DMode":false,"pivot":{"x":2.6692121028900148,"y":-9.487939834594727,"z":29.38011360168457},"rotation":{"x":-0.11557433754205704,"y":0.004705697763711214,"z":-0.0015654000453650952,"w":-0.9935222268104553},"size":21.413715362548829,"orthographic":false}