{"cameraMode":{"drawMode":0,"name":"Shaded","section":"Shading Mode"},"sceneLighting":true,"audioPlay":false,"sceneViewState":{"m_AlwaysRefresh":false,"showFog":true,"showSkybox":true,"showFlares":true,"showImageEffects":true,"showParticleSystems":true,"showVisualEffectGraphs":true,"m_FxEnabled":true},"in2DMode":false,"pivot":{"x":0.7763951420783997,"y":-5.372714042663574,"z":39.62761688232422},"rotation":{"x":-0.09578576683998108,"y":-0.03680336847901344,"z":0.0037136045284569265,"w":-0.9947658777236939},"size":22.117616653442384,"orthographic":false}